country,date,population,confirmed,confirmed_1d,deaths,deaths_1d,cases_perc,deaths_perc,mortality,lethality
Brazil,2021-01-01,215313504,7703971,0,195541,0,0.035780249993051995,0.0009081687695723906,0.0009081687695723906,0.025381845284723942
Brazil,2021-01-02,215313504,7719324,15353,195834,293,0.03585155532093333,0.0009095295759990976,0.0009095295759990976,0.025369319904178136
Brazil,2021-01-03,215313504,7736514,17190,196145,311,0.035931392394227164,0.0009109739814554316,0.0009109739814554316,0.025353150010456908
Brazil,2021-01-04,215313504,7761553,25039,196742,597,0.03604768328882892,0.0009137466826047288,0.0009137466826047288,0.02534827759341462
Brazil,2021-01-05,215313504,7819636,58083,197930,1188,0.03631744342426381,0.0009192642185601141,0.0009192642185601141,0.025311919889877226
Brazil,2021-01-06,215313504,7882143,62507,199161,1231,0.03660775034342481,0.0009249814633084973,0.0009249814633084973,0.025267367009200417
Brazil,2021-01-07,215313504,7970112,87969,200679,1518,0.03701631273438381,0.0009320316481403785,0.0009320316481403785,0.025178943533039434
Brazil,2021-01-08,215313504,8029698,59586,201760,1081,0.03729305338879256,0.0009370522343085364,0.0009370522343085364,0.025126723321350318
Brazil,2021-01-09,215313504,8081091,51393,202769,1009,0.03753174255154939,0.0009417384243581861,0.0009417384243581861,0.025091785255233482
Brazil,2021-01-10,215313504,8110118,29027,203259,490,0.03766655527560408,0.0009440141757202558,0.0009440141757202558,0.025062397365858302
Brazil,2021-01-11,215313504,8140865,30747,203750,491,0.037809356351378685,0.0009462945714728603,0.0009462945714728603,0.02502805291575281
Brazil,2021-01-12,215313504,8205289,64424,204875,1125,0.03810856656719497,0.000951519510824551,0.000951519510824551,0.02496865131746121
Brazil,2021-01-13,215313504,8265116,59827,206139,1264,0.038386426519722606,0.0009573900204605839,0.0009573900204605839,0.024940847775155244
Brazil,2021-01-14,215313504,8333445,68329,207293,1154,0.038703773080577424,0.0009627496471377847,0.0009627496471377847,0.024874826677322524
Brazil,2021-01-15,215313504,8402542,69097,208428,1135,0.039024686533362996,0.0009680210303948237,0.0009680210303948237,0.024805350571291403
Brazil,2021-01-16,215313504,8460987,58445,209442,1014,0.03929612793817149,0.0009727304423971476,0.0009727304423971476,0.02475384963952787
Brazil,2021-01-17,215313504,8492403,31416,209993,551,0.039442036111213906,0.0009752895015818423,0.0009752895015818423,0.024727159085596858
Brazil,2021-01-18,215313504,8521336,28933,210469,476,0.03957641226255832,0.0009775002314764243,0.0009775002314764243,0.02469906127395986
Brazil,2021-01-19,215313504,8583485,62149,211629,1160,0.03986505648990785,0.0009828877244968343,0.0009828877244968343,0.02465537016724559
Brazil,2021-01-20,215313504,8647962,64477,213024,1395,0.04016451285842248,0.0009893666492929306,0.0009893666492929306,0.024632855694786817
Brazil,2021-01-21,215313504,8706912,58950,214371,1347,0.04043829968045107,0.0009956226433433548,0.0009956226433433548,0.024620784039163367
Brazil,2021-01-22,215313504,8763517,56605,215442,1071,0.04070119540667547,0.0010005967856061644,0.0010005967856061644,0.024583965547165597
Brazil,2021-01-23,215313504,8821815,58298,216587,1145,0.040971954086075346,0.0010059146127685517,0.0010059146127685517,0.024551296983670593
Brazil,2021-01-24,215313504,8850334,28519,217182,595,0.04110440745973833,0.0010086780251367792,0.0010086780251367792,0.02453941286283659
Brazil,2021-01-25,215313504,8880864,30530,217872,690,0.04124620070276688,0.0010118826546058161,0.0010118826546058161,0.024532748165043403
Brazil,2021-01-26,215313504,8942472,61608,219027,1155,0.041532332314837064,0.0010172469256735518,0.0010172469256735518,0.024492891898347573
Brazil,2021-01-27,215313504,9007244,64772,220363,1336,0.04183315877855947,0.001023451831428093,0.001023451831428093,0.02446508610180872
Brazil,2021-01-28,215313504,9068004,60760,221801,1438,0.042115351947456116,0.0010301304650171873,0.0010301304650171873,0.0244597377769132
Brazil,2021-01-29,215313504,9127507,59503,222888,1087,0.04239170711745047,0.001035178917528554,0.001035178917528554,0.02441937321987263
Brazil,2021-01-30,215313504,9180621,53114,224080,1192,0.04263838927631775,0.0010407150310460787,0.0010407150310460787,0.0244079349316348
Brazil,2021-01-31,215313504,9208521,27900,224648,568,0.042767967772239686,0.0010433530448698658,0.0010433530448698658,0.024395665710052677
Brazil,2021-02-01,215313504,9237011,28490,225271,623,0.042900286458577165,0.0010462465001730686,0.0010462465001730686,0.024387867460588714
Brazil,2021-02-02,215313504,9293289,56278,226532,1261,0.043161663469096674,0.001052103076637497,0.001052103076637497,0.02437586951185958
Brazil,2021-02-03,215313504,9347703,54414,227731,1199,0.043414383335659244,0.0010576717008887655,0.0010576717008887655,0.02436224171863398
Brazil,2021-02-04,215313504,9404810,57107,229007,1276,0.043679610545932133,0.0010635979432112163,0.0010635979432112163,0.024349986868421585
Brazil,2021-02-05,215313504,9456500,51690,230258,1251,0.04391967909267781,0.0010694080757702963,0.0010694080757702963,0.024349177814201872
Brazil,2021-02-06,215313504,9502810,46310,231195,937,0.044134760818346074,0.0010737598697014377,0.0010737598697014377,0.02432911949202394
Brazil,2021-02-07,215313504,9528972,26162,231684,489,0.04425626736351845,0.0010760309766729727,0.0010760309766729727,0.02431364054800455
Brazil,2021-02-08,215313504,9557558,28586,232405,721,0.04438903191134728,0.0010793795822485895,0.0010793795822485895,0.02431635779767175
Brazil,2021-02-09,215313504,9608775,51217,233720,1315,0.04462690366136998,0.001085486955801899,0.001085486955801899,0.02432360004266933
Brazil,2021-02-10,215313504,9669883,61108,235081,1361,0.044910713078172744,0.001091807971319811,0.001091807971319811,0.024310635402724108
Brazil,2021-02-11,215313504,9723487,53604,236523,1442,0.0451596709884021,0.0010985051824710446,0.0010985051824710446,0.024324915536987915
Brazil,2021-02-12,215313504,9772429,48942,237743,1220,0.04538697674995805,0.0011041713389235448,0.0011041713389235448,0.024327933208826587
Brazil,2021-02-13,215313504,9817285,44856,238768,1025,0.045595305531788664,0.0011089318392217518,0.0011089318392217518,0.024321184523012216
Brazil,2021-02-14,215313504,9848008,30723,239421,653,0.04573799514219043,0.0011119646262409998,0.0011119646262409998,0.024311617131099
Brazil,2021-02-15,215313504,9873816,25808,240032,611,0.04585785757311348,0.0011148023488577847,0.0011148023488577847,0.02430995270724105
Brazil,2021-02-16,215313504,9939100,65284,241124,1092,0.046161061964789724,0.0011198740233218257,0.0011198740233218257,0.024260144278657022
Brazil,2021-02-17,215313504,9986325,47225,242313,1189,0.04638039330779736,0.0011253962036677457,0.0011253962036677457,0.024264481678695615
Brazil,2021-02-18,215313504,10039804,53479,243752,1439,0.04662877066920986,0.001132079481647375,0.001132079481647375,0.024278561613354205
Brazil,2021-02-19,215313504,10091961,52157,245083,1331,0.04687100814633531,0.0011382611654492418,0.0011382611654492418,0.024284972960161064
Brazil,2021-02-20,215313504,10144332,52371,246114,1031,0.04711423952303521,0.001143049532090658,0.001143049532090658,0.02426123277511028
Brazil,2021-02-21,215313504,10173817,29485,246720,606,0.04725117937795485,0.0011458640327547686,0.0011458640327547686,0.024250485338983392
Brazil,2021-02-22,215313504,10205663,31846,247431,711,0.047399084638927245,0.0011491661944250371,0.0011491661944250371,0.024244480735842445
Brazil,2021-02-23,215313504,10269248,63585,248790,1359,0.0476943982110848,0.0011554779211618794,0.0011554779211618794,0.024226700922988714
Brazil,2021-02-24,215313504,10334634,65386,250236,1446,0.04799807633059559,0.0011621937098752525,0.0011621937098752525,0.024213339340319162
Brazil,2021-02-25,215313504,10402913,68279,251811,1575,0.04831519067192367,0.0011695086249676194,0.0011695086249676194,0.024205816197828436
Brazil,2021-02-26,215313504,10466308,63395,253154,1343,0.048609621809879607,0.0011757460414559043,0.0011757460414559043,0.024187516744204357
Brazil,2021-02-27,215313504,10524726,58418,254406,1252,0.048880937816143666,0.001181560818405519,0.001181560818405519,0.024172220730496928
Brazil,2021-02-28,215313504,10558091,33365,255179,773,0.04903589790633847,0.0011851509322889475,0.0011851509322889475,0.024169047226435158
Brazil,2021-03-01,215313504,10598476,40385,256007,828,0.04922346161808783,0.0011889964876517917,0.0011889964876517917,0.02415507663554647
Brazil,2021-03-02,215313504,10658171,59695,257728,1721,0.04950070851106487,0.0011969894837622448,0.0011969894837622448,0.024181259617621072
Brazil,2021-03-03,215313504,10731070,72899,259576,1848,0.049839279936663886,0.0012055723174706219,0.0012055723174706219,0.02418920014499952
Brazil,2021-03-04,215313504,10807092,76022,261384,1808,0.0501923557939032,0.0012139693755576055,0.0012139693755576055,0.024186339859048115
Brazil,2021-03-05,215313504,10879597,72505,263098,1714,0.05052909732963149,0.0012219298609343146,0.0012219298609343146,0.02418269720836167
Brazil,2021-03-06,215313504,10946501,66904,264588,1490,0.05083982563397417,0.0012288500028312204,0.0012288500028312204,0.02417101135787591
Brazil,2021-03-07,215313504,11028185,81684,265686,1098,0.05121919803042172,0.0012339495436384706,0.0012339495436384706,0.02409154362209194
Brazil,2021-03-08,215313504,11064770,36585,266808,1122,0.0513891130581387,0.0012391605498185566,0.0012391605498185566,0.024113289295665433
Brazil,2021-03-09,215313504,11136064,71294,268759,1951,0.05172023023692931,0.001248221755752022,0.001248221755752022,0.024134110579824255
Brazil,2021-03-10,215313504,11217531,81467,271140,2381,0.0520985948006308,0.0012592800496154667,0.0012592800496154667,0.024171094334394974
Brazil,2021-03-11,215313504,11294602,77071,273335,2195,0.05245654262354116,0.001269474486839432,0.001269474486839432,0.024200498609866908
Brazil,2021-03-12,215313504,11377073,82471,275457,2122,0.05283957015533963,0.0012793298835543543,0.0012793298835543543,0.02421158763769908
Brazil,2021-03-13,215313504,11447416,70343,277413,1956,0.05316627051873161,0.0012884143114404937,0.0012884143114404937,0.024233678587377273
Brazil,2021-03-14,215313504,11490864,43448,278483,1070,0.05336805999868917,0.0012933838093127684,0.0012933838093127684,0.024235166302551313
Brazil,2021-03-15,215313504,11535178,44314,279817,1334,0.05357387152084989,0.0012995794262862397,0.0012995794262862397,0.02425770976399324
Brazil,2021-03-16,215313504,11620823,85645,282667,2850,0.05397164034820594,0.0013128159393105228,0.0013128159393105228,0.024324180826091234
Brazil,2021-03-17,215313504,11709475,88652,285328,2661,0.05438337485790023,0.0013251746625237218,0.0013251746625237218,0.024367275219427
Brazil,2021-03-18,215313504,11797401,87926,288052,2724,0.05479173754006623,0.0013378259823406153,0.0013378259823406153,0.02441656429242339
Brazil,2021-03-19,215313504,11885660,88259,290708,2656,0.05520164680428033,0.00135016148360114,0.00135016148360114,0.02445871747971926
Brazil,2021-03-20,215313504,11958814,73154,293076,2368,0.05554140254946573,0.001361159400387632,0.001361159400387632,0.024507112494600216
Brazil,2021-03-21,215313504,12006259,47445,294323,1247,0.05576175565839103,0.0013669509553845727,0.0013669509553845727,0.024514130504764222
Brazil,2021-03-22,215313504,12062229,55970,295926,1603,0.05602170219662581,0.001374395913411915,0.001374395913411915,0.024533276561073413
Brazil,2021-03-23,215313504,12147437,85208,299073,3147,0.05641744142531813,0.0013890118104250442,0.0013890118104250442,0.024620255285127225
Brazil,2021-03-24,215313504,12238343,90906,301390,2317,0.056839644391277935,0.0013997728632942595,0.0013997728632942595,0.024626699872687015
Brazil,2021-03-25,215313504,12336604,98261,304044,2654,0.057296006849621474,0.0014120990757737146,0.0014120990757737146,0.024645680448201143
Brazil,2021-03-26,215313504,12416950,80346,307554,3510,0.05766916505153341,0.0014284008865509893,0.0014284008865509893,0.024768884468408102
Brazil,2021-03-27,215313504,12498653,81703,310963,3409,0.05804862569140113,0.0014442336138842458,0.0014442336138842458,0.024879721038739134
Brazil,2021-03-28,215313504,12545611,46958,312545,1582,0.058266716982135966,0.0014515810397103565,0.0014515810397103565,0.024912696559776962
Brazil,2021-03-29,215313504,12588226,42615,314558,2013,0.058464637684778005,0.0014609301978569817,0.0014609301978569817,0.024988270785732635
Brazil,2021-03-30,215313504,12674667,86441,318213,3655,0.058866103446999773,0.0014779054452618077,0.0014779054452618077,0.02510622172558853
Brazil,2021-03-31,215313504,12763392,88725,322138,3925,0.059278176997203114,0.0014961346781110394,0.0014961346781110394,0.025239215406061336
Brazil,2021-04-01,215313504,12851165,87773,325793,3655,0.059685829087617284,0.0015131099255158654,0.0015131099255158654,0.025351242474904025
Brazil,2021-04-02,215313504,12920540,69375,328594,2801,0.06000803368097154,0.0015261188634039414,0.0015261188634039414,0.025431909192649843
Brazil,2021-04-03,215313504,12959895,39355,330503,1909,0.060190813670470016,0.0015349850049349435,0.0015349850049349435,0.025501981304632482
Brazil,2021-04-04,215313504,12992213,32318,331745,1242,0.060340911083774845,0.0015407533379792101,0.0015407533379792101,0.02553414110436767
Brazil,2021-04-05,215313504,13034887,42674,333657,1912,0.060539105805458446,0.0015496334126818168,0.0015496334126818168,0.025597229956807452
Brazil,2021-04-06,215313504,13120019,85132,337725,4068,0.060934492060470115,0.0015685267933775301,0.0015685267933775301,0.025741197478448774
Brazil,2021-04-07,215313504,13208715,88696,341396,3671,0.06134643092334794,0.0015855763510309135,0.0015855763510309135,0.025846268921692988
Brazil,2021-04-08,215313504,13297270,88555,345544,4148,0.061757714927160354,0.0016048412829694138,0.0016048412829694138,0.025986085865745374
Brazil,2021-04-09,215313504,13385380,88110,349296,3752,0.06216693217718476,0.001622267036256119,0.001622267036256119,0.026095336852595893
Brazil,2021-04-10,215313504,13451932,66552,351674,2378,0.06247602565605918,0.0016333113969479592,0.0016333113969479592,0.026143010535587007
Brazil,2021-04-11,215313504,13491107,39175,353531,1857,0.06265796965526138,0.00164193603017115,0.00164193603017115,0.026204743613700492
Brazil,2021-04-12,215313504,13530757,39650,355242,1711,0.06284211973996763,0.0016498825823762545,0.0016498825823762545,0.0262544069042109
Brazil,2021-04-13,215313504,13613418,82661,358999,3757,0.06322602970596772,0.0016673315576156338,0.0016673315576156338,0.026370967232476075
Brazil,2021-04-14,215313504,13688024,74606,362444,3445,0.06357252910620971,0.0016833314830081443,0.0016833314830081443,0.0264789132456226
Brazil,2021-04-15,215313504,13759207,71183,365935,3491,0.06390313075765094,0.0016995450503652571,0.0016995450503652571,0.026595646100825432
Brazil,2021-04-16,215313504,13843594,84387,369272,3337,0.06429505694171417,0.0017150433815800053,0.0017150433815800053,0.026674575980774936
Brazil,2021-04-17,215313504,13912159,68565,372149,2877,0.0646134995787352,0.001728405293148729,0.001728405293148729,0.0267499099169295
Brazil,2021-04-18,215313504,13950997,38838,373671,1522,0.06479387841832716,0.0017354740555427495,0.0017354740555427495,0.026784537334500178
Brazil,2021-04-19,215313504,13987519,36522,375427,1756,0.06496350084944046,0.0017436296053219217,0.0017436296053219217,0.026840142272550264
Brazil,2021-04-20,215313504,14060162,72643,378774,3347,0.06530088331106255,0.0017591743804420182,0.0017591743804420182,0.026939518904547474
Brazil,2021-04-21,215313504,14134150,73988,381971,3197,0.06564451247795401,0.0017740224969818893,0.0017740224969818893,0.02702468843191844
Brazil,2021-04-22,215313504,14182258,48108,384022,2051,0.0658679448178039,0.0017835481419688382,0.0017835481419688382,0.02707763460515244
Brazil,2021-04-23,215313504,14251539,69281,387064,3042,0.06618971283844788,0.0017976763779758097,0.0017976763779758097,0.027159452744015926
Brazil,2021-04-24,215313504,14315320,63781,389830,2766,0.06648593671115027,0.0018105227621951663,0.0018105227621951663,0.027231665097252455
Brazil,2021-04-25,215313504,14348961,33641,391164,1334,0.06664217865313268,0.0018167183791686378,0.0018167183791686378,0.02726078912612558
Brazil,2021-04-26,215313504,14381359,32398,392544,1380,0.0667926476176803,0.0018231276381067117,0.0018231276381067117,0.027295334189209795
Brazil,2021-04-27,215313504,14457203,75844,395625,3081,0.06714489677340442,0.0018374370053445418,0.0018374370053445418,0.02736525177103759
Brazil,2021-04-28,215313504,14534482,77279,398637,3012,0.06750381062954602,0.0018514259096354682,0.0018514259096354682,0.027426983637944578
Brazil,2021-04-29,215313504,14603096,68614,401669,3032,0.06782248084170327,0.0018655077017370912,0.0018655077017370912,0.027505742617866785
Brazil,2021-04-30,215313504,14675104,72008,404530,2861,0.06815691411533575,0.0018787953030572574,0.0018787953030572574,0.027565733094634285
Brazil,2021-05-01,215313504,14733396,58292,406770,2240,0.06842764492839241,0.0018891987378552902,0.0018891987378552902,0.02760870609871614
Brazil,2021-05-02,215313504,14762684,29288,408036,1266,0.0685636698383767,0.001895078536272393,0.001895078536272393,0.02763968936813929
Brazil,2021-05-03,215313504,14801673,38989,409161,1125,0.06874474998093942,0.0019003034756240834,0.0019003034756240834,0.027642888746427514
Brazil,2021-05-04,215313504,14871208,69535,412140,2979,0.06906769767677925,0.0019141391150273603,0.0019141391150273603,0.02771395571899741
Brazil,2021-05-05,215313504,14947580,76372,414911,2771,0.06942239907070576,0.0019270087211993912,0.0019270087211993912,0.027757737372872397
Brazil,2021-05-06,215313504,15019870,72290,417447,2536,0.06975814206246905,0.0019387868955957357,0.0019387868955957357,0.027792983561109385
Brazil,2021-05-07,215313504,15096714,76844,419633,2186,0.070115035608728,0.0019489395333048875,0.0019489395333048875,0.027796313820345274
Brazil,2021-05-08,215313504,15158475,61761,421715,2082,0.07040187781255001,0.001958609154398416,0.001958609154398416,0.027820410694347552
Brazil,2021-05-09,215313504,15191195,32720,422637,922,0.07055384227084986,0.001962891282471535,0.001962891282471535,0.02782118194124952
Brazil,2021-05-10,215313504,15227496,36301,423748,1111,0.07072243829165495,0.001968051200355738,0.001968051200355738,0.027827818835086216
Brazil,2021-05-11,215313504,15297602,70106,425993,2245,0.07104803793449016,0.001978477857106445,0.001978477857106445,0.027847044262231425
Brazil,2021-05-12,215313504,15373850,76248,428574,2581,0.07140216342399035,0.001990465029076857,0.001990465029076857,0.02787681680255759
Brazil,2021-05-13,215313504,15453880,80030,430851,2277,0.07177385399849329,0.002001040306324679,0.002001040306324679,0.027879794588802295
Brazil,2021-05-14,215313504,15531794,77914,433038,2187,0.0721357170426245,0.002011197588424366,0.002011197588424366,0.02788074577862673
Brazil,2021-05-15,215313504,15599145,67351,435039,2001,0.07244852138953625,0.002020491013884573,0.002020491013884573,0.02788864389682896
Brazil,2021-05-16,215313504,15636709,37564,436100,1061,0.07262298327558683,0.0020254187122420338,0.0020254187122420338,0.027889500277839794
Brazil,2021-05-17,215313504,15672307,35598,437185,1085,0.07278831428984593,0.002030457875972331,0.002030457875972331,0.027895382600659876
Brazil,2021-05-18,215313504,15747112,74805,439636,2451,0.07313573792380436,0.0020418412771732145,0.0020418412771732145,0.027918516106318417
Brazil,2021-05-19,215313504,15827375,80263,442136,2500,0.0735085106413019,0.0020534522535103046,0.0020534522535103046,0.02793489128803734
Brazil,2021-05-20,215313504,15910762,83387,444647,2511,0.07389579243483028,0.002065114318143278,0.002065114318143278,0.0279463045201732
Brazil,2021-05-21,215313504,15987393,76631,446773,2126,0.07425169672590531,0.00207498829242034,0.00207498829242034,0.027945331674776495
Brazil,2021-05-22,215313504,16055289,67896,448499,1726,0.07456703226565854,0.002083004510483467,0.002083004510483467,0.02793465754493737
Brazil,2021-05-23,215313504,16093784,38495,449388,889,0.07474581807929706,0.002087133373668936,0.002087133373668936,0.027923078873184827
Brazil,2021-05-24,215313504,16131264,37480,450250,862,0.07491988983654271,0.002091136838309965,0.002091136838309965,0.027911637922483943
Brazil,2021-05-25,215313504,16205305,74041,452434,2184,0.07526376515613252,0.002101280187238047,0.002101280187238047,0.027918882119157894
Brazil,2021-05-26,215313504,16285550,80245,454897,2463,0.07563645427460045,0.0021127193211253484,0.0021127193211253484,0.027932553705585627
Brazil,2021-05-27,215313504,16350081,64531,456998,2101,0.07593616144020396,0.002122477185639039,0.002122477185639039,0.027950809540331942
Brazil,2021-05-28,215313504,16403969,53888,459424,2426,0.0761864383573452,0.002133744477076552,0.002133744477076552,0.028006880529949794
Brazil,2021-05-29,215313504,16479832,75863,461365,1941,0.07653877575648947,0.0021427592391046685,0.0021427592391046685,0.027995734422535376
Brazil,2021-05-30,215313504,16521281,41449,462278,913,0.0767312810997679,0.002146999567662974,0.002146999567662974,0.027980760087550113
Brazil,2021-05-31,215313504,16557888,36607,463244,966,0.07690129830407665,0.0021514860489196255,0.0021514860489196255,0.027977239609302828
Brazil,2021-06-01,215313504,16636801,78913,465578,2334,0.07726780109435216,0.002162326056427933,0.002162326056427933,0.027984827131129354
Brazil,2021-06-02,215313504,16733079,96278,468086,2508,0.07771495372626512,0.002173974187889302,0.002173974187889302,0.027973692110101197
Brazil,2021-06-03,215313504,16809146,76067,470000,1914,0.0780682385810785,0.0021828635513729783,0.0021828635513729783,0.027960968391850485
Brazil,2021-06-04,215313504,16852317,43171,471191,1191,0.07826874156485791,0.002188395020499968,0.002188395020499968,0.027960012857579167
Brazil,2021-06-05,215313504,16913984,61667,472861,1670,0.07855514719596965,0.0021961511526931445,0.0021961511526931445,0.02795680781062581
Brazil,2021-06-06,215313504,16954327,40343,473741,880,0.07874251584331654,0.0022002382163638003,0.0022002382163638003,0.02794218844546292
Brazil,2021-06-07,215313504,16994043,39716,474890,1149,0.07892697245779809,0.002205574621088327,0.002205574621088327,0.027944497963198044
Brazil,2021-06-08,215313504,17049756,55713,477538,2648,0.07918572538766543,0.002217872967224573,0.002217872967224573,0.028008494667020455
Brazil,2021-06-09,215313504,17134623,84867,479930,2392,0.07957988087918536,0.002228982349383901,0.002228982349383901,0.028009370267440374
Brazil,2021-06-10,215313504,17225867,91244,482435,2505,0.08000365364914594,0.0022406165476736655,0.0022406165476736655,0.0280064277751593
Brazil,2021-06-11,215313504,17312179,86312,484612,2177,0.08040452028498872,0.002250727385868004,0.002250727385868004,0.02799254790514816
Brazil,2021-06-12,215313504,17385952,73773,486586,1974,0.08074715090791519,0.0022598954127837703,0.0022598954127837703,0.02798730837402519
Brazil,2021-06-13,215313504,17422936,36984,487706,1120,0.08091891904745556,0.002265097130182787,0.002265097130182787,0.02799218225906357
Brazil,2021-06-14,215313504,17465628,42692,488726,1020,0.08111719736816879,0.0022698344085283198,0.0022698344085283198,0.027982160160516415
Brazil,2021-06-15,215313504,17552769,87141,491411,2685,0.08152191420376495,0.0022823045971143547,0.0022823045971143547,0.027996209600889752
Brazil,2021-06-16,215313504,17639297,86528,494113,2702,0.08192378402796324,0.002294853740339482,0.002294853740339482,0.02801205739661847
Brazil,2021-06-17,215313504,17715789,76492,496427,2314,0.08227904274875393,0.002305600860037093,0.002305600860037093,0.028021726833617176
Brazil,2021-06-18,215313504,17811233,95444,498903,2476,0.08272232195896083,0.002317100371001347,0.002317100371001347,0.02801058186145788
Brazil,2021-06-19,215313504,17889167,77934,501108,2205,0.08308427789090275,0.0023273412521306607,0.0023273412521306607,0.028011812959205983
Brazil,2021-06-20,215313504,17933754,44587,502139,1031,0.08329135733167949,0.0023321296187720766,0.0023321296187720766,0.027999659190150596
Brazil,2021-06-21,215313504,17979164,45410,503120,981,0.0835022591058664,0.002336685765886751,0.002336685765886751,0.027983503571133786
Brazil,2021-06-22,215313504,18103412,124248,505223,2103,0.08407931534103871,0.0023464529191815115,0.0023464529191815115,0.027907612112015128
Brazil,2021-06-23,215313504,18180808,77396,507488,2265,0.08443877259087289,0.002356972463742915,0.002356972463742915,0.027913390867996626
Brazil,2021-06-24,215313504,18257432,76624,509526,2038,0.08479464437121417,0.002366437731652911,0.002366437731652911,0.027907867875394524
Brazil,2021-06-25,215313504,18332493,75061,511534,2008,0.08514325696914951,0.002375763667846862,0.002375763667846862,0.027903133523629328
Brazil,2021-06-26,215313504,18393158,60665,513051,1517,0.08542500892094534,0.0023828092082882084,0.0023828092082882084,0.027893578688336175
Brazil,2021-06-27,215313504,18425138,31980,513772,721,0.08557353653024939,0.002386157813863825,0.002386157813863825,0.0278842959005246
Brazil,2021-06-28,215313504,18457197,32059,514486,714,0.08572243104640571,0.0023894739087056984,0.0023894739087056984,0.027874546714758475
Brazil,2021-06-29,215313504,18523153,65956,516424,1938,0.08602875646852136,0.002398474737562211,0.002398474737562211,0.02787991871578235
Brazil,2021-06-30,215313504,18570296,47143,518488,2064,0.08624770697150515,0.0024080607596261125,0.0024080607596261125,0.02792028732336846
Brazil,2021-07-01,215313504,18631426,61130,520420,1932,0.08653161856489967,0.002417033722139416,0.002417033722139416,0.027932376190636186
Brazil,2021-07-02,215313504,18694998,63572,522296,1876,0.08682687175998027,0.0024257465987827685,0.0024257465987827685,0.027937740351724027
Brazil,2021-07-03,215313504,18748731,53733,523932,1636,0.08707642879658863,0.0024333448216977602,0.0024333448216977602,0.02794493131295126
Brazil,2021-07-04,215313504,18774193,25462,524703,771,0.08719468426838663,0.002436925646800119,0.002436925646800119,0.02794809875449773
Brazil,2021-07-05,215313504,18802128,27935,525492,789,0.08732442531797727,0.0024405900709321047,0.0024405900709321047,0.02794853859095098
Brazil,2021-07-06,215313504,18863811,61683,527251,1759,0.08761090525933757,0.0024487595538828814,0.0024487595538828814,0.02795039666162898
Brazil,2021-07-07,215313504,18917978,54167,528836,1585,0.08786247796143803,0.0024561209128805966,0.0024561209128805966,0.027954150279696912
Brazil,2021-07-08,215313504,18972125,54147,530563,1727,0.08811395777572781,0.0024641417753342586,0.0024641417753342586,0.027965396601593126
Brazil,2021-07-09,215313504,19030577,58452,532035,1472,0.08838543169127004,0.0024709783182015376,0.0024709783182015376,0.02795685070400125
Brazil,2021-07-10,215313504,19074698,44121,533193,1158,0.08859034684605756,0.0024763565224408778,0.0024763565224408778,0.027952893408849776
Brazil,2021-07-11,215313504,19093845,19147,533758,565,0.08867927299162806,0.00247898060309306,0.00247898060309306,0.027954453385371045
Brazil,2021-07-12,215313504,19113078,19233,534540,782,0.08876859855478456,0.002482612516491302,0.002482612516491302,0.02796723792996607
Brazil,2021-07-13,215313504,19161644,48566,536199,1659,0.08899415802549941,0.002490317560388595,0.002490317560388595,0.02798293298842208
Brazil,2021-07-14,215313504,19217741,56097,537735,1536,0.08925469440133212,0.002497451344250103,0.002497451344250103,0.027981176351580553
Brazil,2021-07-15,215313504,19272139,54398,539344,1609,0.08950733995764613,0.0025049241686206547,0.0025049241686206547,0.02798568441209354
Brazil,2021-07-16,215313504,19315054,42915,540733,1389,0.08970665397744862,0.002511375227073542,0.002511375227073542,0.027995417460391258
Brazil,2021-07-17,215313504,19364084,49030,542004,1271,0.08993436844537164,0.002517278247443319,0.002517278247443319,0.027990169842270877
Brazil,2021-07-18,215313504,19380831,16747,542485,481,0.09001214805365854,0.0025195121992905747,0.0025195121992905747,0.02799080183919874
Brazil,2021-07-19,215313504,19397587,16756,543153,668,0.09008996946146025,0.0025226146521678456,0.0025226146521678456,0.028001060131860732
Brazil,2021-07-20,215313504,19428736,31149,544532,1379,0.09023463758222987,0.0025290192667153846,0.0025290192667153846,0.028027144946536922
Brazil,2021-07-21,215313504,19484572,55836,545932,1400,0.09049396177213297,0.002535521413464155,0.002535521413464155,0.02801868062588185
Brazil,2021-07-22,215313504,19533253,48681,547363,1431,0.09072005534775933,0.0025421675363195054,0.0025421675363195054,0.028022111831552073
Brazil,2021-07-23,215313504,19640373,107120,548654,1291,0.09121756246185098,0.002548163444499979,0.002548163444499979,0.0279350091772697
Brazil,2021-07-24,215313504,19675021,34648,549735,1081,0.09137848130510198,0.002553184030668137,0.002553184030668137,0.027940757979368867
Brazil,2021-07-25,215313504,19693277,18256,550214,479,0.09146326929870595,0.0025554086937343234,0.0025554086937343234,0.027939179446874178
Brazil,2021-07-26,215313504,19714719,21442,550839,625,0.0915628543205539,0.002558311437818596,0.002558311437818596,0.027940494612172764
Brazil,2021-07-27,215313504,19758310,43591,552128,1289,0.09176530794835794,0.002564298057218,0.002564298057218,0.027944090359954876
Brazil,2021-07-28,215313504,19805359,47049,553501,1373,0.09198382187863145,0.0025706748054223297,0.0025706748054223297,0.027947031911918385
Brazil,2021-07-29,215313504,19846680,41321,554842,1341,0.09217573273992141,0.002576902933129545,0.002576902933129545,0.02795641386871759
Brazil,2021-07-30,215313504,19887058,40378,555727,885,0.09236326394093702,0.002581013218752875,0.002581013218752875,0.027944153428827934
Brazil,2021-07-31,215313504,19922146,35088,556676,949,0.09252622631602335,0.0025854207453704344,0.0025854207453704344,0.02794257205021989
Brazil,2021-08-01,215313504,19942499,20353,557091,415,0.09262075359657887,0.0025873481674423913,0.0025873481674423913,0.027934864131120177
Brazil,2021-08-02,215313504,19961374,18875,557635,544,0.09270841646792391,0.0025898747158933423,0.0025898747158933423,0.027935702221700772
Brazil,2021-08-03,215313504,19993870,32496,558872,1237,0.09285934058274393,0.0025956198269849345,0.0025956198269849345,0.027952167339289492
Brazil,2021-08-04,215313504,20034407,40537,559944,1072,0.0930476102418546,0.0026005986136382786,0.0026005986136382786,0.02794911773530407
Brazil,2021-08-05,215313504,20073891,39484,561070,1126,0.09323098935773207,0.0026058281973805044,0.0026058281973805044,0.02795023645390921
Brazil,2021-08-06,215313504,20116562,42671,562029,959,0.09342917014624405,0.0026102821679034123,0.0026102821679034123,0.027938620923396353
Brazil,2021-08-07,215313504,20156095,39533,563028,999,0.09361277683725773,0.0026149219140477135,0.0026149219140477135,0.027933386898603127
Brazil,2021-08-08,215313504,20169989,13894,563417,389,0.09367730599934875,0.0026167285819657647,0.0026167285819657647,0.02793343119820244
Brazil,2021-08-09,215313504,20185531,15542,563925,508,0.09374948911704117,0.0026190879323574616,0.0026190879323574616,0.02793709018603474
Brazil,2021-08-10,215313504,20220993,35462,565193,1268,0.09391418849418752,0.0026249770195556337,0.0026249770195556337,0.027950803405154236
Brazil,2021-08-11,215313504,20256436,35443,566238,1045,0.09407879962791373,0.002629830407664537,0.002629830407664537,0.02795348599329122
Brazil,2021-08-12,215313504,20292294,35858,567254,1016,0.09424533818371188,0.0026345491084479307,0.0026345491084479307,0.02795415836178995
Brazil,2021-08-13,215313504,20325289,32995,568146,892,0.09439857984940879,0.0026386919048050047,0.0026386919048050047,0.027952665273295745
Brazil,2021-08-14,215313504,20354591,29302,569058,912,0.09453466978086056,0.0026429275889727753,0.0026429275889727753,0.02795723087729938
Brazil,2021-08-15,215313504,20368358,13767,569447,389,0.09459860910535366,0.0026447342568908265,0.0026447342568908265,0.02795743279846122
Brazil,2021-08-16,215313504,20386548,18190,569861,414,0.09468309056918232,0.0026466570345722485,0.0026466570345722485,0.027952795147074435
Brazil,2021-08-17,215313504,20425554,39006,570955,1094,0.09486424966638414,0.0026517379978173595,0.0026517379978173595,0.027952974984179133
Brazil,2021-08-18,215313504,20465725,40171,571945,990,0.09505081947855903,0.0026563359444468472,0.0026563359444468472,0.02794648125096961
Brazil,2021-08-19,215313504,20501738,36013,572968,1023,0.09521807791489009,0.0026610871559639847,0.0026610871559639847,0.027947289151778253
Brazil,2021-08-20,215313504,20535951,34213,573862,894,0.09537697644825845,0.002665239241102128,0.002665239241102128,0.027944262235530266
Brazil,2021-08-21,215313504,20561273,25322,574473,611,0.09549458170538157,0.002668076963718913,0.002668076963718913,0.027939563858716335
Brazil,2021-08-22,215313504,20575218,13945,574806,333,0.09555934773138985,0.0026696235457670135,0.0026696235457670135,0.027936812139730427
Brazil,2021-08-23,215313504,20590872,15654,575223,417,0.09563205102082217,0.00267156025662004,0.00267156025662004,0.02793582515592346
Brazil,2021-08-24,215313504,20622681,31809,576082,859,0.09577978443934478,0.002675549788089464,0.002675549788089464,0.027934389326004703
Brazil,2021-08-25,215313504,20652660,29979,576969,887,0.09591901862318863,0.002679669362493864,0.002679669362493864,0.02793678877200322
Brazil,2021-08-26,215313504,20683583,30923,577840,871,0.09606263711169737,0.002683714626649706,0.002683714626649706,0.02793713255580525
Brazil,2021-08-27,215313504,20711339,27756,578658,818,0.09619154681538228,0.002687513738107202,0.002687513738107202,0.02793918828715034
Brazil,2021-08-28,215313504,20734286,22947,579287,629,0.09629812164498516,0.002690435059753614,0.002690435059753614,0.02793860372139171
Brazil,2021-08-29,215313504,20745549,11263,579565,278,0.09635043141557903,0.0026917262003222984,0.0026917262003222984,0.02793683599310869
Brazil,2021-08-30,215313504,20758350,12801,579883,318,0.09640988425881546,0.0026932031165123765,0.0026932031165123765,0.027934927390664478
Brazil,2021-08-31,215313504,20785196,26846,580764,881,0.09653456756711368,0.002697294824573567,0.002697294824573567,0.027941232788952292
Brazil,2021-09-01,215313504,20810944,25748,581461,697,0.09665415133460463,0.0027005319647763477,0.0027005319647763477,0.02794015494924209
Brazil,2021-09-02,215313504,20837967,27023,582243,782,0.09677965670002751,0.0027041638781745893,0.0027041638781745893,0.0279414493745959
Brazil,2021-09-03,215313504,20861571,23604,582983,740,0.09688928289421178,0.0027076007271703683,0.0027076007271703683,0.027945306707725895
Brazil,2021-09-04,215313504,20881896,20325,583621,638,0.09698368013183233,0.002710563848331594,0.002710563848331594,0.02794865945122991
Brazil,2021-09-05,215313504,20894557,12661,583892,271,0.09704248276039389,0.002711822478166534,0.002711822478166534,0.027944693921962548
Brazil,2021-09-06,215313504,20904729,10172,584112,220,0.09708972550091424,0.0027128442440841984,0.0027128442440841984,0.027941620290796405
Brazil,2021-09-07,215313504,20918333,13604,584439,327,0.09715290778975015,0.00271436295978909,0.00271436295978909,0.027939080996559333
Brazil,2021-09-08,215313504,20932515,14182,584688,249,0.0972187745363152,0.0027155194130322638,0.0027155194130322638,0.027932047343570517
Brazil,2021-09-09,215313504,20965338,32823,585512,824,0.09737121736684012,0.002719346390832969,0.002719346390832969,0.027927620341727855
Brazil,2021-09-10,215313504,20981793,16455,586148,636,0.09744764081309085,0.0027223002232131246,0.0027223002232131246,0.027936030061873167
Brazil,2021-09-11,215313504,20995555,13762,586817,669,0.09751155691563126,0.00272540732048093,0.00272540732048093,0.027949582661663384
Brazil,2021-09-12,215313504,21003416,7861,587116,299,0.0975480664696256,0.002726795993250846,0.002726795993250846,0.027953357682388425
Brazil,2021-09-13,215313504,21012064,8648,587400,284,0.09758823115897088,0.0027281150001627393,0.0027281150001627393,0.027955368877612404
Brazil,2021-09-14,215313504,21025635,13571,588078,678,0.09765126018291914,0.0027312638969453585,0.0027312638969453585,0.027969571430304006
Brazil,2021-09-15,215313504,21038911,13276,588879,801,0.09771291911165962,0.002734984053763762,0.002734984053763762,0.027989994349042115
Brazil,2021-09-16,215313504,21074358,35447,589542,663,0.09787754882294795,0.0027380632846883586,0.0027380632846883586,0.027974375304813556
Brazil,2021-09-17,215313504,21109695,35337,590180,638,0.09804166765127746,0.0027410264058495837,0.0027410264058495837,0.027957770114632165
Brazil,2021-09-18,215313504,21234573,124878,590766,586,0.09862164985248673,0.0027437480187029978,0.0027437480187029978,0.02782095029648112
Brazil,2021-09-19,215313504,21243748,9175,591014,248,0.09866426213564385,0.002744899827555637,0.002744899827555637,0.027820608679786637
Brazil,2021-09-20,215313504,21253033,9285,591279,265,0.0987073853017598,0.002746130591047369,0.002746130591047369,0.027820923253636318
Brazil,2021-09-21,215313504,21268413,15380,591952,673,0.09877881602818558,0.0027492562658773135,0.0027492562658773135,0.027832448053364395
Brazil,2021-09-22,215313504,21300996,32583,592617,665,0.09893014420498214,0.0027523447855829796,0.0027523447855829796,0.027821093436194252
Brazil,2021-09-23,215313504,21325913,24917,593246,629,0.09904586848393866,0.0027552661072293913,0.0027552661072293913,0.02781808216135928
Brazil,2021-09-24,215313504,21344578,18665,593926,680,0.09913255603327137,0.00275842429279308,0.00275842429279308,0.027825614542484747
Brazil,2021-09-25,215313504,21358441,13863,594466,540,0.0991969412192558,0.0027609322636818917,0.0027609322636818917,0.027832836675673097
Brazil,2021-09-26,215313504,21367297,8856,594732,266,0.09923807194183232,0.002762167671564158,0.002762167671564158,0.027833749865507088
Brazil,2021-09-27,215313504,21376642,9345,594926,194,0.09928147377138036,0.002763068683327916,0.002763068683327916,0.027830657406340997
Brazil,2021-09-28,215313504,21393526,16884,595743,817,0.09935988966117053,0.002766863150394877,0.002766863150394877,0.02784688227644195
Brazil,2021-09-29,215313504,21410411,16885,596424,681,0.09943831019535124,0.0027700259803491007,0.0027700259803491007,0.027856728205731315
Brazil,2021-09-30,215313504,21432362,21951,597032,608,0.09954025921198142,0.002772849769794281,0.002772849769794281,0.027856565692572756
Brazil,2021-10-01,215313504,21450424,18062,597522,490,0.09962414619382164,0.0027751255211563505,0.0027751255211563505,0.02785595287067519
Brazil,2021-10-02,215313504,21462810,12386,597976,454,0.09968167161498612,0.002777234074459166,0.002777234074459166,0.02786103031243346
Brazil,2021-10-03,215313504,21471963,9153,598202,226,0.09972418172155147,0.002778283706720039,0.002778283706720039,0.027859679154625967
Brazil,2021-10-04,215313504,21483481,11518,598406,204,0.09977767581173172,0.002779231162389146,0.002779231162389146,0.02785423833316398
Brazil,2021-10-05,215313504,21505626,22145,599090,684,0.09988052584012566,0.002782407925514974,0.002782407925514974,0.02785736160388914
Brazil,2021-10-06,215313504,21524172,18546,599660,570,0.09996666070698473,0.00278505522811983,0.00278505522811983,0.027859840555074546
Brazil,2021-10-07,215313504,21538788,14616,600088,428,0.10003454311904189,0.00278704302726874,0.00278704302726874,0.027860806281207653
Brazil,2021-10-08,215313504,21557323,18535,600718,630,0.10012062689760508,0.002789968993305687,0.002789968993305687,0.02786607595015392
Brazil,2021-10-09,215313504,21572127,14804,601134,416,0.1001893824550828,0.002791901059768179,0.002791901059768179,0.027866236834225944
Brazil,2021-10-10,215313504,21580539,8412,601285,151,0.10022845106826184,0.002792602362738939,0.002792602362738939,0.027862371741502842
Brazil,2021-10-11,215313504,21587532,6993,601492,207,0.10026092929127195,0.0027935637515796503,0.0027935637515796503,0.027862934957085413
Brazil,2021-10-12,215313504,21594887,7355,601667,175,0.10029508878365567,0.0027943765199232463,0.0027943765199232463,0.02786154889349502
Brazil,2021-10-13,215313504,21603259,8372,601873,206,0.10033397162121331,0.0027953332643734226,0.0027953332643734226,0.027860287190928
Brazil,2021-10-14,215313504,21618491,15232,602445,572,0.10040471497783994,0.002797989855759349,0.002797989855759349,0.027867116164583365
Brazil,2021-10-15,215313504,21632789,14298,602952,507,0.10047112047370703,0.0028003445617605107,0.0028003445617605107,0.027872134286522188
Brazil,2021-10-16,215313504,21642550,9761,603417,465,0.10051645436971757,0.0028025042033592096,0.0028025042033592096,0.027881049137000954
Brazil,2021-10-17,215313504,21648735,6185,603545,128,0.10054517992517552,0.0028030986853476688,0.0028030986853476688,0.027878996163055256
Brazil,2021-10-18,215313504,21658054,9319,603747,202,0.10058846100056966,0.0028040368522357054,0.0028040368522357054,0.027876327208344757
Brazil,2021-10-19,215313504,21671287,13233,604126,379,0.10064992022051715,0.0028057970762484083,0.0028057970762484083,0.027876793842469993
Brazil,2021-10-20,215313504,21686995,15708,604525,399,0.10072287430703836,0.002807650188071808,0.002807650188071808,0.02787500066283964
Brazil,2021-10-21,215313504,21703981,16986,604991,466,0.10080176392466308,0.0028098144740610416,0.0028098144740610416,0.027874655806232045
Brazil,2021-10-22,215313504,21717379,13398,605438,447,0.10086398946904881,0.0028118905166301133,0.0028118905166301133,0.027878041820792464
Brazil,2021-10-23,215313504,21729284,11905,605788,350,0.10091928093836604,0.002813516053317306,0.002813516053317306,0.027878875346283843
Brazil,2021-10-24,215313504,21733820,4536,605907,119,0.10094034789383205,0.0028140687357909515,0.0028140687357909515,0.02787853216783796
Brazil,2021-10-25,215313504,21741647,7827,606114,207,0.10097669953854822,0.0028150301246316627,0.0028150301246316627,0.027878016785020932
Brazil,2021-10-26,215313504,21754992,13345,606517,403,0.1010386789302356,0.0028169018140172014,0.0028169018140172014,0.027879440268238204
Brazil,2021-10-27,215313504,21772116,17124,606952,435,0.10111820947375413,0.0028189221238998554,0.0028189221238998554,0.027877492477074804
Brazil,2021-10-28,215313504,21785802,13686,607325,373,0.1011817726026139,0.002820654481569349,0.002820654481569349,0.027877100875147953
Brazil,2021-10-29,215313504,21798483,12681,607733,408,0.10124066811898616,0.0028225493929075625,0.0028225493929075625,0.02787960061257474
Brazil,2021-10-30,215313504,21808495,10012,607949,216,0.10128716775702094,0.002823552581263087,0.002823552581263087,0.027876705843296386
Brazil,2021-10-31,215313504,21814625,6130,608082,133,0.1013156378709995,0.00282417028520422,0.00282417028520422,0.02787496920070824
Brazil,2021-11-01,215313504,21819251,4626,608185,103,0.10133712282161364,0.0028246486574293084,0.0028246486574293084,0.027873779901977386
Brazil,2021-11-02,215313504,21825169,5918,608337,152,0.10136460832479881,0.0028253546047906034,0.0028253546047906034,0.027873186228248678
Brazil,2021-11-03,215313504,21841479,16310,608527,190,0.10144035833442198,0.0028262370389922223,0.0028262370389922223,0.027861071129844275
Brazil,2021-11-04,215313504,21854726,13247,608961,434,0.10150188257583695,0.002828252704484341,0.002828252704484341,0.027864041855294824
Brazil,2021-11-05,215313504,21867724,12998,609343,382,0.10156225036400875,0.0028300268616686486,0.0028300268616686486,0.0278649483595092
Brazil,2021-11-06,215313504,21878897,11173,609646,303,0.10161414213945448,0.0028314341120007037,0.0028314341120007037,0.02786456739569641
Brazil,2021-11-07,215313504,21884558,5661,609716,70,0.10164043403427218,0.0028317592193381424,0.0028317592193381424,0.02786055811590986
Brazil,2021-11-08,215313504,21891439,6881,609836,120,0.10167239208554239,0.0028323165462023226,0.0028323165462023226,0.027857282474669665
Brazil,2021-11-09,215313504,21903249,11810,610044,208,0.1017272423377588,0.0028332825794335687,0.0028332825794335687,0.02785175843090676
Brazil,2021-11-10,215313504,21918229,14980,610313,269,0.10179681530797065,0.0028345319204874397,0.0028345319204874397,0.027844996053285144
Brazil,2021-11-11,215313504,21933767,15538,610553,240,0.10186897984810094,0.0028356465742158,0.0028356465742158,0.0278362125393235
Brazil,2021-11-12,215313504,21948366,14599,611174,621,0.101936783305519,0.0028385307407379334,0.0028385307407379334,0.027845990904288728
Brazil,2021-11-13,215313504,21957724,9358,611481,307,0.101980245512144,0.002839956568632128,0.002839956568632128,0.02784810484000983
Brazil,2021-11-14,215313504,21962026,4302,611546,65,0.10200022568022486,0.0028402584540168927,0.0028402584540168927,0.027845609507975266
Brazil,2021-11-15,215313504,21964769,2743,611616,70,0.10201296524346193,0.002840583561354331,0.002840583561354331,0.027845319019744755
Brazil,2021-11-16,215313504,21971337,6568,611759,143,0.10204346960049472,0.0028412477092008125,0.0028412477092008125,0.027843503561025894
Brazil,2021-11-17,215313504,21984449,13112,612136,377,0.1021043668491875,0.002842998644432446,0.002842998644432446,0.027844045579673158
Brazil,2021-11-18,215313504,21995851,11402,612408,272,0.1021573221900657,0.0028442619186579213,0.0028442619186579213,0.027841978016672327
Brazil,2021-11-19,215313504,22008224,12373,612646,238,0.10221478723415323,0.0028453672836052124,0.0028453672836052124,0.02783713942569832
Brazil,2021-11-20,215313504,22016439,8215,612853,207,0.10225294090239691,0.002846328672445923,0.002846328672445923,0.027836154611560936
Brazil,2021-11-21,215313504,22021527,5088,612949,96,0.10227657156143816,0.0028467745339372675,0.0028467745339372675,0.027834082532060562
Brazil,2021-11-22,215313504,22025668,4141,613075,126,0.10229580398264292,0.002847359727144657,0.002847359727144657,0.027834570102482248
Brazil,2021-11-23,215313504,22038108,12440,613370,295,0.10235358020089627,0.0028487298223524335,0.0028487298223524335,0.02783224403837208
Brazil,2021-11-24,215313504,22050362,12254,613641,271,0.10241049256251016,0.0028499884521873743,0.0028499884521873743,0.027829066933232206
Brazil,2021-11-25,215313504,22062645,12283,613929,288,0.10246753961144954,0.002851326036661407,0.002851326036661407,0.027826627315083934
Brazil,2021-11-26,215313504,22073524,10879,614234,305,0.10251806593607803,0.002852742575774532,0.002852742575774532,0.027826730339931223
Brazil,2021-11-27,215313504,22081833,8309,614461,227,0.10255665617703198,0.0028537968524259398,0.0028537968524259398,0.02782653958120234
Brazil,2021-11-28,215313504,22085369,3536,614541,80,0.10257307874196316,0.0028541684036687267,0.0028541684036687267,0.02782570669296945
Brazil,2021-11-29,215313504,22089858,4489,614659,118,0.10259392741107404,0.0028547164417518376,0.0028547164417518376,0.02782539389795987
Brazil,2021-11-30,215313504,22100143,10285,614985,326,0.10264169496772484,0.002856230513066194,0.002856230513066194,0.02782719550728699
Brazil,2021-12-01,215313504,22112425,12282,615253,268,0.10269873737227368,0.00285747520972953,0.00285747520972953,0.027823859210376067
Brazil,2021-12-02,215313504,22124356,11931,615449,196,0.10275414959574482,0.002858385510274358,0.002858385510274358,0.0278177136545805
Brazil,2021-12-03,215313504,22134978,10622,615683,234,0.10280348231200584,0.0028594722976595095,0.0028594722976595095,0.027814936161219588
Brazil,2021-12-04,215313504,22142385,7407,615829,146,0.10283788331269737,0.0028601503786775955,0.0028601503786775955,0.02781222528648111
Brazil,2021-12-05,215313504,22147078,4693,615900,71,0.10285967943747737,0.002860480130405569,0.002860480130405569,0.027809537673547723
Brazil,2021-12-06,215313504,22153095,6017,616032,132,0.10288762473532548,0.0028610931899561674,0.0028610931899561674,0.0278079428630627
Brazil,2021-12-07,215313504,22163231,10136,616293,261,0.10293470027778658,0.0028623053758857595,0.0028623053758857595,0.02780700160549696
Brazil,2021-12-08,215313504,22173363,10132,616533,240,0.10298175724268553,0.0028634200296141204,0.0028634200296141204,0.02780511914227896
Brazil,2021-12-09,215313504,22182116,8753,616733,200,0.10302240959303695,0.0028643489077210876,0.0028643489077210876,0.02780316359359044
Brazil,2021-12-10,215313504,22189181,7065,616961,228,0.10305522221216556,0.00286540782876303,0.00286540782876303,0.027804586388294368
Brazil,2021-12-11,215313504,22191865,2684,617014,53,0.10306768775636106,0.0028656539814613763,0.0028656539814613763,0.027803611819015663
Brazil,2021-12-12,215313504,22193480,1615,617096,82,0.10307518844707483,0.002866034821485233,0.002866034821485233,0.027805283353489404
Brazil,2021-12-13,215313504,22196250,2770,617141,45,0.10308805340885632,0.0028662438190593005,0.0028662438190593005,0.027803840738863547
Brazil,2021-12-14,215313504,22200629,4379,617254,113,0.10310839119500838,0.002866768635189737,0.002866768635189737,0.027803446469917587
Brazil,2021-12-15,215313504,22205707,5078,617552,298,0.10313197541014427,0.002868152663569118,0.002868152663569118,0.027810508352650063
Brazil,2021-12-16,215313504,22209368,3661,617675,123,0.1031489785238923,0.002868723923604903,0.002868723923604903,0.027811462262230965
Brazil,2021-12-17,215313504,22213731,4363,617873,198,0.1031692419997958,0.0028696435129308005,0.0028696435129308005,0.02781491321741494
Brazil,2021-12-18,215313504,22216112,2381,618011,138,0.10318030029365924,0.002870284438824608,0.002870284438824608,0.027818143876840375
Brazil,2021-12-19,215313504,22217570,1458,618066,55,0.10318707181505903,0.002870539880304024,0.002870539880304024,0.027818793864495532
Brazil,2021-12-20,215313504,22220209,2639,618149,83,0.10319932836168047,0.0028709253647184155,0.0028709253647184155,0.027819225282714487
Brazil,2021-12-21,215313504,22223943,3734,618220,71,0.10321667051593754,0.0028712551164463886,0.0028712551164463886,0.02781774593284369
Brazil,2021-12-22,215313504,22227169,3226,618366,146,0.10323165331980293,0.002871933197464475,0.002871933197464475,0.02782027706722345
Brazil,2021-12-23,215313504,22230943,3774,618492,126,0.1032491812496814,0.0028725183906718643,0.0028725183906718643,0.027821221978752766
Brazil,2021-12-24,215313504,22234623,3680,618655,163,0.10326627260684959,0.0028732754263290426,0.0028732754263290426,0.02782394826303104
Brazil,2021-12-25,215313504,22238297,3674,618686,31,0.10328333609767458,0.0028734194024356225,0.0028734194024356225,0.027820745446470115
Brazil,2021-12-26,215313504,22243266,4969,618732,46,0.10330641407424218,0.002873633044400225,0.002873633044400225,0.027816598515703585
Brazil,2021-12-27,215313504,22250218,6952,618797,65,0.10333870187724035,0.0028739349297849893,0.0028739349297849893,0.02781082863997108
Brazil,2021-12-28,215313504,22259270,9052,618978,181,0.1033807429003617,0.0028747755644717944,0.0028747755644717944,0.027807650475509753
Brazil,2021-12-29,215313504,22269031,9761,619095,117,0.10342607679637224,0.0028753189581643703,0.0028753189581643703,0.027800715711429023
Brazil,2021-12-30,215313504,22281649,12618,619249,154,0.1034846797161408,0.002876034194306735,0.002876034194306735,0.027791883805368265
